"product_name","product_url","product_rating_name","product_price"
"Boldfit Badminton Shoes for Man Lightweight Non Marking Shoes for Badminton Breathable Anti Skid Shoe for Man Shuttle Non Marking Indoor Shoe for Pickleball, Tennis, Padel, Black White - 06","https://aax-eu-zaz.amazon.in/x/c/JCAL4XG3xQPnpdq0p5eaBusAAAGdGe-lsQoAAAH2AQBvbm9fdHhuX2JpZDIgICBvbm9fdHhuX2ltcDIgICDpOpSC/clv1c_ek-YBIHXFcbWDn2nI5drJ16WdB1VqvSN8uCJp17ym9eX487WO9RiiVzO69UNkWe6x4L3cLvL1bJrS2I7CASUuwn3WiCqeTYv9TpFyyk9U91VByEp5qT6eCGkVdm3omZdPyj57Ua-jOW3aPl4aJlKtq11qqlcFlfw2uTqXxZqzYgKKTOtf6S4AJazUiPYk2D8PCoRfmjCLyYIVOpKNU7M3jkJCUYbYCoz1DoXTHTtXskeuODZEyNfytlZ0Kfsw0fhXUsKrOzbVhRvwzk5tJnC9mdzm8pOXigH-igVVTJsXYH6b9Hiv2fxBP6-Kl4zNR8RAxtokfSNHNqEyJxcawQ9o7l-rIR1mZr5h__jOAlwIMGYM9U8EJgrhUXu9XUnaZ7edxZTMqgbuyxmWc9dDJfseCBDwIvxiUtM4VPr5hIoHbosvQFOCogWdkouqn4PaSoIhhJncLSeX4mSlXZV40girrP--O-DPoHvYM1CgoovowX3koYH7nZiHXMkkLPpqTVeJwMiJCO4JT1i_FNpmVemiWCOJN2t3D0ZusEMvHu8DV-yug19dlJ96t_JbAsvEjsyKqV9G7cgMpxrrVW4Z7G5ipfqt5ULjD51zU_GIBoG4ZkDH7Z6yq4-DeNM5dvaEn1ys3K2VWqmTs5Gt5r4QuOyX1AvHsfh5Gp4-acImvV0zMmuNR1K0Iawh-6m6ofT3Y4UUZzb8r74izimKJ1elWLqPa1MW2rbvC9I99JzGpji8bTCic5En_WFnEYFBXzWcvbDNnKFI54hBelmxXKFhBeD2FULMSegdrD4R5IWqrh-OtUyx7nX_UXwFdt9JkTe1zeqRTX7XJk83h4nDoDKd7VNVvKgwwL62CnZZKeljC89mO9jT3YGHFRCnsb50OG5mDTm2F7qj7glUO77GLrGnEkUcZdjR6zYrKOVd5VTFt-rvdvIHdHz5zyqx31QM1B6nyIZ4REI7kxP7GEbhoxrKq32ZvxtdHByRZexoyb_eiWnecyBAim2RPWVUstbNgubGmFAbUmEPipZ7yFMHsWWepTx3SegvOnGv4bxx2eVvGDVXIB62_SZQrkOl0xiosRon3aty0ow8yLfV81Bo_Qi7PQbzhlAWOPuoHxKW6xXlDyU9pzY0OsOjJyFt9vIsHMh0HsKM1yA_YWe2XP-CUIr8bbs9xgSy52zHxqosAZyPI001XfHA3AsTZh2kpVh1o8Jo-DizmU1MKLwJqnvGo4i6esGDqv0EY99rxN7Uy7VDU_tTa4CX66lFi62GoMsh2_6wYU9ULz8dZnq7LTT7xnCwY-968OlR7fs33cjfSKUFJCumzPng30_5ryoj7dA_iClj7YqY3mKfEHAHCY4jbcogeLpBu6htTQN9F1Lg5rvl0aoECeuRrg_TIrDsGPmZSctlrbHPe8jRI4jIl7YxVRzHDYeXViJ2bdFwl2LgNWgYz3nhc35rvtBSzhQ1OY7KGWr55EnQ9A8IHfl2Q79skMkE1IiffPfq73syhwS24zcUPH4SV3XQmceMAWMWpoLjXqEdojdzWcmW5985lv5iYCJDzPNmSQo05b_UoQ6kKgzWBYc_uJT3tiRWidbYTl0dA59h1t2ygtsPKAbR1dIqzoLQ_kLdRZFehgGR6MV9RojILvFR2kWuQjtJYBnleKJ5NvowQmrpQvVz_NVdgCd8AsZ8nASy67beV6W2Rx0i-JJ8aVvOAh-/https://www.amazon.in/gp/aw/d/B0D1KK7LKY/?_encoding=UTF8&pd_rd_plhdr=t&aaxitk=a6c2b7a6f54a64a536743869e3769192&hsa_cr_id=0&qid=1774256629&sr=1-1-e0fa1fdd-d857-4087-adda-5bd576b25987&aref=NSvR99Ue4t&ref_=sbx_s_sparkle_sbtcd_asin_0_title&pd_rd_w=JBW51&content-id=amzn1.sym.9269eab1-ae85-443b-9ec2-b2fa4ebaad05%3Aamzn1.sym.9269eab1-ae85-443b-9ec2-b2fa4ebaad05&pf_rd_p=9269eab1-ae85-443b-9ec2-b2fa4ebaad05&pf_rd_r=5K3SXJK9RHB75YQ2ZQWX&pd_rd_wg=OEWPs&pd_rd_r=565ba0bd-2834-40f5-aecf-8e12274cf63a","4",""
"Boldfit Badminton Shoes for Man Lightweight Non Mar…","https://aax-eu-zaz.amazon.in/x/c/JCAL4XG3xQPnpdq0p5eaBusAAAGdGe-lsQoAAAH2AQBvbm9fdHhuX2JpZDIgICBvbm9fdHhuX2ltcDIgICDpOpSC/clv1c_ek-YBIHXFcbWDn2nI5drJ16WdB1VqvSN8uCJp17ym9eX487WO9RiiVzO69UNkWe6x4L3cLvL1bJrS2I7CASUuwn3WiCqeTYv9TpFyyk9U91VByEp5qT6eCGkVdm3omZdPyj57Ua-jOW3aPl4aJlKtq11qqlcFlfw2uTqXxZqzYgKKTOtf6S4AJazUiPYk2D8PCoRfmjCLyYIVOpKNU7M3jkJCUYbYCoz1DoXTHTtXskeuODZEyNfytlZ0Kfsw0fhXUsKrOzbVhRvwzk5tJnC9mdzm8pOXigH-igVVTJsXYH6b9Hiv2fxBP6-Kl4zNR8RAxtokfSNHNqEyJxcawQ9o7l-rIR1mZr5h__jOAlwIMGYM9U8EJgrhUXu9XUnaZ7edxZTMqgbuyxmWc9dDJfseCBDwIvxiUtM4VPr5hIoHbosvQFOCogWdkouqn4PaSoIhhJncLSeX4mSlXZV40girrP--O-DPoHvYM1CgoovowX3koYH7nZiHXMkkLPpqTVeJwMiJCO4JT1i_FNpmVemiWCOJN2t3D0ZusEMvHu8DV-yug19dlJ96t_JbAsvEjsyKqV9G7cgMpxrrVW4Z7G5ipfqt5ULjD51zU_GIBoG4ZkDH7Z6yq4-DeNM5dvaEn1ys3K2VWqmTs5Gt5r4QuOyX1AvHsfh5Gp4-acImvV0zMmuNR1K0Iawh-6m6ofT3Y4UUZzb8r74izimKJ1elWLqPa1MW2rbvC9I99JzGpji8bTCic5En_WFnEYFBXzWcvbDNnKFI54hBelmxXKFhBeD2FULMSegdrD4R5IWqrh-OtUyx7nX_UXwFdt9JkTe1zeqRTX7XJk83h4nDoDKd7VNVvKgwwL62CnZZKeljC89mO9jT3YGHFRCnsb50OG5mDTm2F7qj7glUO77GLrGnEkUcZdjR6zYrKOVd5VTFt-rvdvIHdHz5zyqx31QM1B6nyIZ4REI7kxP7GEbhoxrKq32ZvxtdHByRZexoyb_eiWnecyBAim2RPWVUstbNgubGmFAbUmEPipZ7yFMHsWWepTx3SegvOnGv4bxx2eVvGDVXIB62_SZQrkOl0xiosRon3aty0ow8yLfV81Bo_Qi7PQbzhlAWOPuoHxKW6xXlDyU9pzY0OsOjJyFt9vIsHMh0HsKM1yA_YWe2XP-CUIr8bbs9xgSy52zHxqosAZyPI001XfHA3AsTZh2kpVh1o8Jo-DizmU1MKLwJqnvGo4i6esGDqv0EY99rxN7Uy7VDU_tTa4CX66lFi62GoMsh2_6wYU9ULz8dZnq7LTT7xnCwY-968OlR7fs33cjfSKUFJCumzPng30_5ryoj7dA_iClj7YqY3mKfEHAHCY4jbcogeLpBu6htTQN9F1Lg5rvl0aoECeuRrg_TIrDsGPmZSctlrbHPe8jRI4jIl7YxVRzHDYeXViJ2bdFwl2LgNWgYz3nhc35rvtBSzhQ1OY7KGWr55EnQ9A8IHfl2Q79skMkE1IiffPfq73syhwS24zcUPH4SV3XQmceMAWMWpoLjXqEdojdzWcmW5985lv5iYCJDzPNmSQo05b_UoQ6kKgzWBYc_uJT3tiRWidbYTl0dA59h1t2ygtsPKAbR1dIqzoLQ_kLdRZFehgGR6MV9RojILvFR2kWuQjtJYBnleKJ5NvowQmrpQvVz_NVdgCd8AsZ8nASy67beV6W2Rx0i-JJ8aVvOAh-/https://www.amazon.in/gp/aw/d/B0D1KK7LKY/?_encoding=UTF8&pd_rd_plhdr=t&aaxitk=a6c2b7a6f54a64a536743869e3769192&hsa_cr_id=0&qid=1774256629&sr=1-1-e0fa1fdd-d857-4087-adda-5bd576b25987&aref=NSvR99Ue4t&ref_=sbx_s_sparkle_sbtcd_asin_0_title&pd_rd_w=JBW51&content-id=amzn1.sym.9269eab1-ae85-443b-9ec2-b2fa4ebaad05%3Aamzn1.sym.9269eab1-ae85-443b-9ec2-b2fa4ebaad05&pf_rd_p=9269eab1-ae85-443b-9ec2-b2fa4ebaad05&pf_rd_r=5K3SXJK9RHB75YQ2ZQWX&pd_rd_wg=OEWPs&pd_rd_r=565ba0bd-2834-40f5-aecf-8e12274cf63a","4","1,299
."
"Boldfit Badminton Shoes Shuttle Badminton Shoes Men Non Marking Shoes for Badminton Men Badminton Shoes for Man Non Marking Shoes Badminton Anti Skid Breathable Shoes for Men","https://aax-eu-zaz.amazon.in/x/c/JCAL4XG3xQPnpdq0p5eaBusAAAGdGe-lsQoAAAH2AQBvbm9fdHhuX2JpZDIgICBvbm9fdHhuX2ltcDIgICDpOpSC/clv1c_ek-YBIHXFcbWDn2nI5drJ16WdB1VqvSN8uCJp17ym9eX487WO9RiiVzO69UNkWe6x4L3cLvL1bJrS2I7CASUuwn3WiCqeTYv9TpFyyk9U91VByEp5qT6eCGkVdm3omZdPyj57Ua-jOW3aPl4aJlKtq11qqlcFlfw2uTqXxZqzYgKKTOtf6S4AJazUiPYk2D8PCoRfmjCLyYIVOpKNU7M3jkJCUYbYCoz1DoXTHTtXskeuODZEyNfytlZ0Kfsw0fhXUsKrOzbVhRvwzk5tJnC9mdzm8pOXigH-igVVTJsXYH6b9Hiv2fxBP6-Kl4zNR8RAxtokfSNHNqEyJxcawQ9o7l-rIR1mZr5h__jOAlwIMGYM9U8EJgrhUXu9XUnaZ7edxZTMqgbuyxmWc9dDJfseCBDwIvxiUtM4VPr5hIoHbosvQFOCogWdkouqn4PaSoIhhJncLSeX4mSlXZV40girrP--O-DPoHvYM1CgoovowX3koYH7nZiHXMkkLPpqTVeJwMiJCO4JT1i_FNpmVemiWCOJN2t3D0ZusEMvHu8DV-yug19dlJ96t_JbAsvEjsyKqV9G7cgMpxrrVW4Z7G5ipfqt5ULjD51zU_GIBoG4ZkDH7Z6yq4-DeNM5dvaEn1ys3K2VWqmTs5Gt5r4QuOyX1AvHsfh5Gp4-acImvV0zMmuNR1K0Iawh-6m6ofT3Y4UUZzb8r74izimKJ1elWLqPa1MW2rbvC9I99JzGpji8bTCic5En_WFnEYFBXzWcvbDNnKFI54hBelmxXKFhBeD2FULMSegdrD4R5IWqrh-OtUyx7nX_UXwFdt9JkTe1zeqRTX7XJk83h4nDoDKd7VNVvKgwwL62CnZZKeljC89mO9jT3YGHFRCnsb50OG5mDTm2F7qj7glUO77GLrGnEkUcZdjR6zYrKOVd5VTFt-rvdvIHdHz5zyqx31QM1B6nyIZ4REI7kxP7GEbhoxrKq32ZvxtdHByRZexoyb_eiWnecyBAim2RPWVUstbNgubGmFAbUmEPipZ7yFMHsWWepTx3SegvOnGv4bxx2eVvGDVXIB62_SZQrkOl0xiosRon3aty0ow8yLfV81Bo_Qi7PQbzhlAWOPuoHxKW6xXlDyU9pzY0OsOjJyFt9vIsHMh0HsKM1yA_YWe2XP-CUIr8bbs9xgSy52zHxqosAZyPI001XfHA3AsTZh2kpVh1o8Jo-DizmU1MKLwJqnvGo4i6esGDqv0EY99rxN7Uy7VDU_tTa4CX66lFi62GoMsh2_6wYU9ULz8dZnq7LTT7xnCwY-968OlR7fs33cjfSKUFJCumzPng30_5ryoj7dA_iClj7YqY3mKfEHAHCY4jbcogeLpBu6htTQN9F1Lg5rvl0aoECeuRrg_TIrDsGPmZSctlrbHPe8jRI4jIl7YxVRzHDYeXViJ2bdFwl2LgNWgYz3nhc35rvtBSzhQ1OY7KGWr55EnQ9A8IHfl2Q79skMkE1IiffPfq73syhwS24zcUPH4SV3XQmceMAWMWpoLjXqEdojdzWcmW5985lv5iYCJDzPNmSQo05b_UoQ6kKgzWBYc_uJT3tiRWidbYTl0dA59h1t2ygtsPKAbR1dIqzoLQ_kLdRZFehgGR6MV9RojILvFR2kWuQjtJYBnleKJ5NvowQmrpQvVz_NVdgCd8AsZ8nASy67beV6W2Rx0i-JJ8aVvOAh-/https://www.amazon.in/gp/aw/d/B0DGXH6BB4/?_encoding=UTF8&pd_rd_plhdr=t&aaxitk=a6c2b7a6f54a64a536743869e3769192&hsa_cr_id=0&qid=1774256629&sr=1-2-e0fa1fdd-d857-4087-adda-5bd576b25987&aref=NSvR99Ue4t&ref_=sbx_s_sparkle_sbtcd_asin_1_title&pd_rd_w=JBW51&content-id=amzn1.sym.9269eab1-ae85-443b-9ec2-b2fa4ebaad05%3Aamzn1.sym.9269eab1-ae85-443b-9ec2-b2fa4ebaad05&pf_rd_p=9269eab1-ae85-443b-9ec2-b2fa4ebaad05&pf_rd_r=5K3SXJK9RHB75YQ2ZQWX&pd_rd_wg=OEWPs&pd_rd_r=565ba0bd-2834-40f5-aecf-8e12274cf63a","4",""
"Boldfit Badminton Shoes Shuttle Badminton Shoes…","https://aax-eu-zaz.amazon.in/x/c/JCAL4XG3xQPnpdq0p5eaBusAAAGdGe-lsQoAAAH2AQBvbm9fdHhuX2JpZDIgICBvbm9fdHhuX2ltcDIgICDpOpSC/clv1c_ek-YBIHXFcbWDn2nI5drJ16WdB1VqvSN8uCJp17ym9eX487WO9RiiVzO69UNkWe6x4L3cLvL1bJrS2I7CASUuwn3WiCqeTYv9TpFyyk9U91VByEp5qT6eCGkVdm3omZdPyj57Ua-jOW3aPl4aJlKtq11qqlcFlfw2uTqXxZqzYgKKTOtf6S4AJazUiPYk2D8PCoRfmjCLyYIVOpKNU7M3jkJCUYbYCoz1DoXTHTtXskeuODZEyNfytlZ0Kfsw0fhXUsKrOzbVhRvwzk5tJnC9mdzm8pOXigH-igVVTJsXYH6b9Hiv2fxBP6-Kl4zNR8RAxtokfSNHNqEyJxcawQ9o7l-rIR1mZr5h__jOAlwIMGYM9U8EJgrhUXu9XUnaZ7edxZTMqgbuyxmWc9dDJfseCBDwIvxiUtM4VPr5hIoHbosvQFOCogWdkouqn4PaSoIhhJncLSeX4mSlXZV40girrP--O-DPoHvYM1CgoovowX3koYH7nZiHXMkkLPpqTVeJwMiJCO4JT1i_FNpmVemiWCOJN2t3D0ZusEMvHu8DV-yug19dlJ96t_JbAsvEjsyKqV9G7cgMpxrrVW4Z7G5ipfqt5ULjD51zU_GIBoG4ZkDH7Z6yq4-DeNM5dvaEn1ys3K2VWqmTs5Gt5r4QuOyX1AvHsfh5Gp4-acImvV0zMmuNR1K0Iawh-6m6ofT3Y4UUZzb8r74izimKJ1elWLqPa1MW2rbvC9I99JzGpji8bTCic5En_WFnEYFBXzWcvbDNnKFI54hBelmxXKFhBeD2FULMSegdrD4R5IWqrh-OtUyx7nX_UXwFdt9JkTe1zeqRTX7XJk83h4nDoDKd7VNVvKgwwL62CnZZKeljC89mO9jT3YGHFRCnsb50OG5mDTm2F7qj7glUO77GLrGnEkUcZdjR6zYrKOVd5VTFt-rvdvIHdHz5zyqx31QM1B6nyIZ4REI7kxP7GEbhoxrKq32ZvxtdHByRZexoyb_eiWnecyBAim2RPWVUstbNgubGmFAbUmEPipZ7yFMHsWWepTx3SegvOnGv4bxx2eVvGDVXIB62_SZQrkOl0xiosRon3aty0ow8yLfV81Bo_Qi7PQbzhlAWOPuoHxKW6xXlDyU9pzY0OsOjJyFt9vIsHMh0HsKM1yA_YWe2XP-CUIr8bbs9xgSy52zHxqosAZyPI001XfHA3AsTZh2kpVh1o8Jo-DizmU1MKLwJqnvGo4i6esGDqv0EY99rxN7Uy7VDU_tTa4CX66lFi62GoMsh2_6wYU9ULz8dZnq7LTT7xnCwY-968OlR7fs33cjfSKUFJCumzPng30_5ryoj7dA_iClj7YqY3mKfEHAHCY4jbcogeLpBu6htTQN9F1Lg5rvl0aoECeuRrg_TIrDsGPmZSctlrbHPe8jRI4jIl7YxVRzHDYeXViJ2bdFwl2LgNWgYz3nhc35rvtBSzhQ1OY7KGWr55EnQ9A8IHfl2Q79skMkE1IiffPfq73syhwS24zcUPH4SV3XQmceMAWMWpoLjXqEdojdzWcmW5985lv5iYCJDzPNmSQo05b_UoQ6kKgzWBYc_uJT3tiRWidbYTl0dA59h1t2ygtsPKAbR1dIqzoLQ_kLdRZFehgGR6MV9RojILvFR2kWuQjtJYBnleKJ5NvowQmrpQvVz_NVdgCd8AsZ8nASy67beV6W2Rx0i-JJ8aVvOAh-/https://www.amazon.in/gp/aw/d/B0DGXH6BB4/?_encoding=UTF8&pd_rd_plhdr=t&aaxitk=a6c2b7a6f54a64a536743869e3769192&hsa_cr_id=0&qid=1774256629&sr=1-2-e0fa1fdd-d857-4087-adda-5bd576b25987&aref=NSvR99Ue4t&ref_=sbx_s_sparkle_sbtcd_asin_1_title&pd_rd_w=JBW51&content-id=amzn1.sym.9269eab1-ae85-443b-9ec2-b2fa4ebaad05%3Aamzn1.sym.9269eab1-ae85-443b-9ec2-b2fa4ebaad05&pf_rd_p=9269eab1-ae85-443b-9ec2-b2fa4ebaad05&pf_rd_r=5K3SXJK9RHB75YQ2ZQWX&pd_rd_wg=OEWPs&pd_rd_r=565ba0bd-2834-40f5-aecf-8e12274cf63a","4","1,199
."
"Boldfit Badminton Shoes for Man Lightweight Non Marking Shoes for Badminton Breathable Anti Skid Shoe for Man Shuttle Non Marking Indoor Shoes for Pickleball, Tennis, Padel Black","https://aax-eu-zaz.amazon.in/x/c/JCAL4XG3xQPnpdq0p5eaBusAAAGdGe-lsQoAAAH2AQBvbm9fdHhuX2JpZDIgICBvbm9fdHhuX2ltcDIgICDpOpSC/clv1c_ek-YBIHXFcbWDn2nI5drJ16WdB1VqvSN8uCJp17ym9eX487WO9RiiVzO69UNkWe6x4L3cLvL1bJrS2I7CASUuwn3WiCqeTYv9TpFyyk9U91VByEp5qT6eCGkVdm3omZdPyj57Ua-jOW3aPl4aJlKtq11qqlcFlfw2uTqXxZqzYgKKTOtf6S4AJazUiPYk2D8PCoRfmjCLyYIVOpKNU7M3jkJCUYbYCoz1DoXTHTtXskeuODZEyNfytlZ0Kfsw0fhXUsKrOzbVhRvwzk5tJnC9mdzm8pOXigH-igVVTJsXYH6b9Hiv2fxBP6-Kl4zNR8RAxtokfSNHNqEyJxcawQ9o7l-rIR1mZr5h__jOAlwIMGYM9U8EJgrhUXu9XUnaZ7edxZTMqgbuyxmWc9dDJfseCBDwIvxiUtM4VPr5hIoHbosvQFOCogWdkouqn4PaSoIhhJncLSeX4mSlXZV40girrP--O-DPoHvYM1CgoovowX3koYH7nZiHXMkkLPpqTVeJwMiJCO4JT1i_FNpmVemiWCOJN2t3D0ZusEMvHu8DV-yug19dlJ96t_JbAsvEjsyKqV9G7cgMpxrrVW4Z7G5ipfqt5ULjD51zU_GIBoG4ZkDH7Z6yq4-DeNM5dvaEn1ys3K2VWqmTs5Gt5r4QuOyX1AvHsfh5Gp4-acImvV0zMmuNR1K0Iawh-6m6ofT3Y4UUZzb8r74izimKJ1elWLqPa1MW2rbvC9I99JzGpji8bTCic5En_WFnEYFBXzWcvbDNnKFI54hBelmxXKFhBeD2FULMSegdrD4R5IWqrh-OtUyx7nX_UXwFdt9JkTe1zeqRTX7XJk83h4nDoDKd7VNVvKgwwL62CnZZKeljC89mO9jT3YGHFRCnsb50OG5mDTm2F7qj7glUO77GLrGnEkUcZdjR6zYrKOVd5VTFt-rvdvIHdHz5zyqx31QM1B6nyIZ4REI7kxP7GEbhoxrKq32ZvxtdHByRZexoyb_eiWnecyBAim2RPWVUstbNgubGmFAbUmEPipZ7yFMHsWWepTx3SegvOnGv4bxx2eVvGDVXIB62_SZQrkOl0xiosRon3aty0ow8yLfV81Bo_Qi7PQbzhlAWOPuoHxKW6xXlDyU9pzY0OsOjJyFt9vIsHMh0HsKM1yA_YWe2XP-CUIr8bbs9xgSy52zHxqosAZyPI001XfHA3AsTZh2kpVh1o8Jo-DizmU1MKLwJqnvGo4i6esGDqv0EY99rxN7Uy7VDU_tTa4CX66lFi62GoMsh2_6wYU9ULz8dZnq7LTT7xnCwY-968OlR7fs33cjfSKUFJCumzPng30_5ryoj7dA_iClj7YqY3mKfEHAHCY4jbcogeLpBu6htTQN9F1Lg5rvl0aoECeuRrg_TIrDsGPmZSctlrbHPe8jRI4jIl7YxVRzHDYeXViJ2bdFwl2LgNWgYz3nhc35rvtBSzhQ1OY7KGWr55EnQ9A8IHfl2Q79skMkE1IiffPfq73syhwS24zcUPH4SV3XQmceMAWMWpoLjXqEdojdzWcmW5985lv5iYCJDzPNmSQo05b_UoQ6kKgzWBYc_uJT3tiRWidbYTl0dA59h1t2ygtsPKAbR1dIqzoLQ_kLdRZFehgGR6MV9RojILvFR2kWuQjtJYBnleKJ5NvowQmrpQvVz_NVdgCd8AsZ8nASy67beV6W2Rx0i-JJ8aVvOAh-/https://www.amazon.in/gp/aw/d/B0C61M3HXK/?_encoding=UTF8&pd_rd_plhdr=t&aaxitk=a6c2b7a6f54a64a536743869e3769192&hsa_cr_id=0&qid=1774256629&sr=1-3-e0fa1fdd-d857-4087-adda-5bd576b25987&aref=NSvR99Ue4t&ref_=sbx_s_sparkle_sbtcd_asin_2_title&pd_rd_w=JBW51&content-id=amzn1.sym.9269eab1-ae85-443b-9ec2-b2fa4ebaad05%3Aamzn1.sym.9269eab1-ae85-443b-9ec2-b2fa4ebaad05&pf_rd_p=9269eab1-ae85-443b-9ec2-b2fa4ebaad05&pf_rd_r=5K3SXJK9RHB75YQ2ZQWX&pd_rd_wg=OEWPs&pd_rd_r=565ba0bd-2834-40f5-aecf-8e12274cf63a","3.9",""
"Boldfit Badminton Shoes for Man Lightweight Non Mar…","https://aax-eu-zaz.amazon.in/x/c/JCAL4XG3xQPnpdq0p5eaBusAAAGdGe-lsQoAAAH2AQBvbm9fdHhuX2JpZDIgICBvbm9fdHhuX2ltcDIgICDpOpSC/clv1c_ek-YBIHXFcbWDn2nI5drJ16WdB1VqvSN8uCJp17ym9eX487WO9RiiVzO69UNkWe6x4L3cLvL1bJrS2I7CASUuwn3WiCqeTYv9TpFyyk9U91VByEp5qT6eCGkVdm3omZdPyj57Ua-jOW3aPl4aJlKtq11qqlcFlfw2uTqXxZqzYgKKTOtf6S4AJazUiPYk2D8PCoRfmjCLyYIVOpKNU7M3jkJCUYbYCoz1DoXTHTtXskeuODZEyNfytlZ0Kfsw0fhXUsKrOzbVhRvwzk5tJnC9mdzm8pOXigH-igVVTJsXYH6b9Hiv2fxBP6-Kl4zNR8RAxtokfSNHNqEyJxcawQ9o7l-rIR1mZr5h__jOAlwIMGYM9U8EJgrhUXu9XUnaZ7edxZTMqgbuyxmWc9dDJfseCBDwIvxiUtM4VPr5hIoHbosvQFOCogWdkouqn4PaSoIhhJncLSeX4mSlXZV40girrP--O-DPoHvYM1CgoovowX3koYH7nZiHXMkkLPpqTVeJwMiJCO4JT1i_FNpmVemiWCOJN2t3D0ZusEMvHu8DV-yug19dlJ96t_JbAsvEjsyKqV9G7cgMpxrrVW4Z7G5ipfqt5ULjD51zU_GIBoG4ZkDH7Z6yq4-DeNM5dvaEn1ys3K2VWqmTs5Gt5r4QuOyX1AvHsfh5Gp4-acImvV0zMmuNR1K0Iawh-6m6ofT3Y4UUZzb8r74izimKJ1elWLqPa1MW2rbvC9I99JzGpji8bTCic5En_WFnEYFBXzWcvbDNnKFI54hBelmxXKFhBeD2FULMSegdrD4R5IWqrh-OtUyx7nX_UXwFdt9JkTe1zeqRTX7XJk83h4nDoDKd7VNVvKgwwL62CnZZKeljC89mO9jT3YGHFRCnsb50OG5mDTm2F7qj7glUO77GLrGnEkUcZdjR6zYrKOVd5VTFt-rvdvIHdHz5zyqx31QM1B6nyIZ4REI7kxP7GEbhoxrKq32ZvxtdHByRZexoyb_eiWnecyBAim2RPWVUstbNgubGmFAbUmEPipZ7yFMHsWWepTx3SegvOnGv4bxx2eVvGDVXIB62_SZQrkOl0xiosRon3aty0ow8yLfV81Bo_Qi7PQbzhlAWOPuoHxKW6xXlDyU9pzY0OsOjJyFt9vIsHMh0HsKM1yA_YWe2XP-CUIr8bbs9xgSy52zHxqosAZyPI001XfHA3AsTZh2kpVh1o8Jo-DizmU1MKLwJqnvGo4i6esGDqv0EY99rxN7Uy7VDU_tTa4CX66lFi62GoMsh2_6wYU9ULz8dZnq7LTT7xnCwY-968OlR7fs33cjfSKUFJCumzPng30_5ryoj7dA_iClj7YqY3mKfEHAHCY4jbcogeLpBu6htTQN9F1Lg5rvl0aoECeuRrg_TIrDsGPmZSctlrbHPe8jRI4jIl7YxVRzHDYeXViJ2bdFwl2LgNWgYz3nhc35rvtBSzhQ1OY7KGWr55EnQ9A8IHfl2Q79skMkE1IiffPfq73syhwS24zcUPH4SV3XQmceMAWMWpoLjXqEdojdzWcmW5985lv5iYCJDzPNmSQo05b_UoQ6kKgzWBYc_uJT3tiRWidbYTl0dA59h1t2ygtsPKAbR1dIqzoLQ_kLdRZFehgGR6MV9RojILvFR2kWuQjtJYBnleKJ5NvowQmrpQvVz_NVdgCd8AsZ8nASy67beV6W2Rx0i-JJ8aVvOAh-/https://www.amazon.in/gp/aw/d/B0C61M3HXK/?_encoding=UTF8&pd_rd_plhdr=t&aaxitk=a6c2b7a6f54a64a536743869e3769192&hsa_cr_id=0&qid=1774256629&sr=1-3-e0fa1fdd-d857-4087-adda-5bd576b25987&aref=NSvR99Ue4t&ref_=sbx_s_sparkle_sbtcd_asin_2_title&pd_rd_w=JBW51&content-id=amzn1.sym.9269eab1-ae85-443b-9ec2-b2fa4ebaad05%3Aamzn1.sym.9269eab1-ae85-443b-9ec2-b2fa4ebaad05&pf_rd_p=9269eab1-ae85-443b-9ec2-b2fa4ebaad05&pf_rd_r=5K3SXJK9RHB75YQ2ZQWX&pd_rd_wg=OEWPs&pd_rd_r=565ba0bd-2834-40f5-aecf-8e12274cf63a","3.9","899
."
"EVA Lite Sport Shoes Running Shoes for Men- White","https://www.amazon.in/BRUTON-Sport-Shoes-Running-White/dp/B0F4KSHS9K/ref=sr_1_1?crid=3KLD21ZCUL7V4&dib=eyJ2IjoiMSJ9.KY8ggERHS4N64xqLSAngNUg6NOqGC_Xdafw17g7GNg6rdg9MhfWM_-q2VUfI19s6cpTfF6S-ikwP2ijqWDDVDlxfoemVYSkBAiFuoG3tz5IJVMC168oJvKYFVt58tuRwZ_Rkt9D2qR2mDdt1KxtIN-MaLmvmDcyamTtzT-VW47J_Ey5oaq_qjpH8JrNWL_nwO74_MUSbjHA287svZ6PQ5om9rT1ju8xgwI75mwFvmqf908M9iTa3jsMpPabajYMidRzX88uimyYQXPIoyTi0eOZ3i_t3mADeUgNBOrfm184.DmWy-jZglvRd6aF66AlR-nFfGnDtK3Qmambl3DwoDFg&dib_tag=se&keywords=shoes+for+men+sports&qid=1774256629&sprefix=shoes+for+men%2Caps%2C453&sr=8-1","BRUTON","402"
"EVA Lite Sport Shoes Running Shoes for Men- White","-''-","3.6","402"
"Men Wells Running Shoes","https://www.amazon.in/Campus-Mens-Wells-Running-Shoes/dp/B08VGSPZFY/ref=sr_1_2?crid=3KLD21ZCUL7V4&dib=eyJ2IjoiMSJ9.KY8ggERHS4N64xqLSAngNUg6NOqGC_Xdafw17g7GNg6rdg9MhfWM_-q2VUfI19s6cpTfF6S-ikwP2ijqWDDVDlxfoemVYSkBAiFuoG3tz5IJVMC168oJvKYFVt58tuRwZ_Rkt9D2qR2mDdt1KxtIN-MaLmvmDcyamTtzT-VW47J_Ey5oaq_qjpH8JrNWL_nwO74_MUSbjHA287svZ6PQ5om9rT1ju8xgwI75mwFvmqf908M9iTa3jsMpPabajYMidRzX88uimyYQXPIoyTi0eOZ3i_t3mADeUgNBOrfm184.DmWy-jZglvRd6aF66AlR-nFfGnDtK3Qmambl3DwoDFg&dib_tag=se&keywords=shoes+for+men+sports&qid=1774256629&sprefix=shoes+for+men%2Caps%2C453&sr=8-2","Campus","799"
"Men Wells Running Shoes","-''-","4.2","799"
"Men's Wonder-13 Sports Running Shoes…","https://www.amazon.in/ASIAN-Wonder-13-Sports-Running-Shoes/dp/B01N54ZM9W/ref=sr_1_3?crid=3KLD21ZCUL7V4&dib=eyJ2IjoiMSJ9.KY8ggERHS4N64xqLSAngNUg6NOqGC_Xdafw17g7GNg6rdg9MhfWM_-q2VUfI19s6cpTfF6S-ikwP2ijqWDDVDlxfoemVYSkBAiFuoG3tz5IJVMC168oJvKYFVt58tuRwZ_Rkt9D2qR2mDdt1KxtIN-MaLmvmDcyamTtzT-VW47J_Ey5oaq_qjpH8JrNWL_nwO74_MUSbjHA287svZ6PQ5om9rT1ju8xgwI75mwFvmqf908M9iTa3jsMpPabajYMidRzX88uimyYQXPIoyTi0eOZ3i_t3mADeUgNBOrfm184.DmWy-jZglvRd6aF66AlR-nFfGnDtK3Qmambl3DwoDFg&dib_tag=se&keywords=shoes+for+men+sports&qid=1774256629&sprefix=shoes+for+men%2Caps%2C453&sr=8-3","ASIAN","629"
"Men's Wonder-13 Sports Running Shoes…","-''-","4.0","629"
"Men First Running Shoes","https://www.amazon.in/Campus-First-L-Gry-Running-Shoes/dp/B08WQ4M4W4/ref=sr_1_4?crid=3KLD21ZCUL7V4&dib=eyJ2IjoiMSJ9.KY8ggERHS4N64xqLSAngNUg6NOqGC_Xdafw17g7GNg6rdg9MhfWM_-q2VUfI19s6cpTfF6S-ikwP2ijqWDDVDlxfoemVYSkBAiFuoG3tz5IJVMC168oJvKYFVt58tuRwZ_Rkt9D2qR2mDdt1KxtIN-MaLmvmDcyamTtzT-VW47J_Ey5oaq_qjpH8JrNWL_nwO74_MUSbjHA287svZ6PQ5om9rT1ju8xgwI75mwFvmqf908M9iTa3jsMpPabajYMidRzX88uimyYQXPIoyTi0eOZ3i_t3mADeUgNBOrfm184.DmWy-jZglvRd6aF66AlR-nFfGnDtK3Qmambl3DwoDFg&dib_tag=se&keywords=shoes+for+men+sports&qid=1774256629&sprefix=shoes+for+men%2Caps%2C453&sr=8-4","Campus","1,199"
"Men First Running Shoes","-''-","4.0","1,199"
"Exclusive Trendy Sports Running Shoes | Casual Shoe | Sneakers for Men's & Boy's","https://www.amazon.in/BRUTON-Exclusive-Trendy-Shoes-Numeric_10/dp/B0BKL21P4L/ref=sr_1_5?crid=3KLD21ZCUL7V4&dib=eyJ2IjoiMSJ9.KY8ggERHS4N64xqLSAngNUg6NOqGC_Xdafw17g7GNg6rdg9MhfWM_-q2VUfI19s6cpTfF6S-ikwP2ijqWDDVDlxfoemVYSkBAiFuoG3tz5IJVMC168oJvKYFVt58tuRwZ_Rkt9D2qR2mDdt1KxtIN-MaLmvmDcyamTtzT-VW47J_Ey5oaq_qjpH8JrNWL_nwO74_MUSbjHA287svZ6PQ5om9rT1ju8xgwI75mwFvmqf908M9iTa3jsMpPabajYMidRzX88uimyYQXPIoyTi0eOZ3i_t3mADeUgNBOrfm184.DmWy-jZglvRd6aF66AlR-nFfGnDtK3Qmambl3DwoDFg&dib_tag=se&keywords=shoes+for+men+sports&qid=1774256629&sprefix=shoes+for+men%2Caps%2C453&sr=8-5","BRUTON","266"
"Exclusive Trendy Sports Running Shoes | Casual Shoe | Sneakers for Men's & Boy's","-''-","3.2","266"
"Men Refresh Pro Running Shoes","https://www.amazon.in/Campus-Refresh-M-BLU-Running-Shoes/dp/B08QCN8JZ2/ref=sr_1_6?crid=3KLD21ZCUL7V4&dib=eyJ2IjoiMSJ9.KY8ggERHS4N64xqLSAngNUg6NOqGC_Xdafw17g7GNg6rdg9MhfWM_-q2VUfI19s6cpTfF6S-ikwP2ijqWDDVDlxfoemVYSkBAiFuoG3tz5IJVMC168oJvKYFVt58tuRwZ_Rkt9D2qR2mDdt1KxtIN-MaLmvmDcyamTtzT-VW47J_Ey5oaq_qjpH8JrNWL_nwO74_MUSbjHA287svZ6PQ5om9rT1ju8xgwI75mwFvmqf908M9iTa3jsMpPabajYMidRzX88uimyYQXPIoyTi0eOZ3i_t3mADeUgNBOrfm184.DmWy-jZglvRd6aF66AlR-nFfGnDtK3Qmambl3DwoDFg&dib_tag=se&keywords=shoes+for+men+sports&qid=1774256629&sprefix=shoes+for+men%2Caps%2C453&sr=8-6","Campus","899"
"Men Refresh Pro Running Shoes","-''-","4.1","899"
"Men's Comfortable Lightweight Synthetic Leather Running, Walking & Gym Casual Sports Shoes","https://www.amazon.in/AADI-Lightweight-Synthetic-Leather-Running/dp/B0CRBL8PZ9/ref=sr_1_7?crid=3KLD21ZCUL7V4&dib=eyJ2IjoiMSJ9.KY8ggERHS4N64xqLSAngNUg6NOqGC_Xdafw17g7GNg6rdg9MhfWM_-q2VUfI19s6cpTfF6S-ikwP2ijqWDDVDlxfoemVYSkBAiFuoG3tz5IJVMC168oJvKYFVt58tuRwZ_Rkt9D2qR2mDdt1KxtIN-MaLmvmDcyamTtzT-VW47J_Ey5oaq_qjpH8JrNWL_nwO74_MUSbjHA287svZ6PQ5om9rT1ju8xgwI75mwFvmqf908M9iTa3jsMpPabajYMidRzX88uimyYQXPIoyTi0eOZ3i_t3mADeUgNBOrfm184.DmWy-jZglvRd6aF66AlR-nFfGnDtK3Qmambl3DwoDFg&dib_tag=se&keywords=shoes+for+men+sports&qid=1774256629&sprefix=shoes+for+men%2Caps%2C453&sr=8-7","AADI","461"
"Men's Comfortable Lightweight Synthetic Leather Running, Walking & Gym Casual Sports Shoes","-''-","3.8","461"
"Men North Plus Running Shoes","https://www.amazon.in/Campus-North-Running-Shoes-Black/dp/B08PSMQW1H/ref=sr_1_8?crid=3KLD21ZCUL7V4&dib=eyJ2IjoiMSJ9.KY8ggERHS4N64xqLSAngNUg6NOqGC_Xdafw17g7GNg6rdg9MhfWM_-q2VUfI19s6cpTfF6S-ikwP2ijqWDDVDlxfoemVYSkBAiFuoG3tz5IJVMC168oJvKYFVt58tuRwZ_Rkt9D2qR2mDdt1KxtIN-MaLmvmDcyamTtzT-VW47J_Ey5oaq_qjpH8JrNWL_nwO74_MUSbjHA287svZ6PQ5om9rT1ju8xgwI75mwFvmqf908M9iTa3jsMpPabajYMidRzX88uimyYQXPIoyTi0eOZ3i_t3mADeUgNBOrfm184.DmWy-jZglvRd6aF66AlR-nFfGnDtK3Qmambl3DwoDFg&dib_tag=se&keywords=shoes+for+men+sports&qid=1774256629&sprefix=shoes+for+men%2Caps%2C453&sr=8-8","Campus","1,199"
"Men North Plus Running Shoes","-''-","4.0","1,199"
"Men Oxyfit (N) Walking Shoes","https://www.amazon.in/Campus-OXYFIT-D-Gry-Walking-Shoes/dp/B09RPF69FZ/ref=sr_1_9?crid=3KLD21ZCUL7V4&dib=eyJ2IjoiMSJ9.KY8ggERHS4N64xqLSAngNUg6NOqGC_Xdafw17g7GNg6rdg9MhfWM_-q2VUfI19s6cpTfF6S-ikwP2ijqWDDVDlxfoemVYSkBAiFuoG3tz5IJVMC168oJvKYFVt58tuRwZ_Rkt9D2qR2mDdt1KxtIN-MaLmvmDcyamTtzT-VW47J_Ey5oaq_qjpH8JrNWL_nwO74_MUSbjHA287svZ6PQ5om9rT1ju8xgwI75mwFvmqf908M9iTa3jsMpPabajYMidRzX88uimyYQXPIoyTi0eOZ3i_t3mADeUgNBOrfm184.DmWy-jZglvRd6aF66AlR-nFfGnDtK3Qmambl3DwoDFg&dib_tag=se&keywords=shoes+for+men+sports&qid=1774256629&sprefix=shoes+for+men%2Caps%2C453&sr=8-9","Campus","749"
"Men Oxyfit (N) Walking Shoes","-''-","4.2","749"
"Mens Sm 648 Running Shoe","https://www.amazon.in/Sparx-SM-648-Orange-Running-SX0648GDGNO0008/dp/B08K9QDH7Q/ref=sr_1_10?crid=3KLD21ZCUL7V4&dib=eyJ2IjoiMSJ9.KY8ggERHS4N64xqLSAngNUg6NOqGC_Xdafw17g7GNg6rdg9MhfWM_-q2VUfI19s6cpTfF6S-ikwP2ijqWDDVDlxfoemVYSkBAiFuoG3tz5IJVMC168oJvKYFVt58tuRwZ_Rkt9D2qR2mDdt1KxtIN-MaLmvmDcyamTtzT-VW47J_Ey5oaq_qjpH8JrNWL_nwO74_MUSbjHA287svZ6PQ5om9rT1ju8xgwI75mwFvmqf908M9iTa3jsMpPabajYMidRzX88uimyYQXPIoyTi0eOZ3i_t3mADeUgNBOrfm184.DmWy-jZglvRd6aF66AlR-nFfGnDtK3Qmambl3DwoDFg&dib_tag=se&keywords=shoes+for+men+sports&qid=1774256629&sprefix=shoes+for+men%2Caps%2C453&sr=8-10","SPARX","799"
"Mens Sm 648 Running Shoe","-''-","4.1","799"
"Men Marathon Running Shoe for Mens | Rubber Outsole with Breathable Mesh Upper with PVC Synthetic Leather | Die Cut N.R E.VA Sockliner | Ideal for Trail Running","https://www.amazon.in/Nivia-103BK-Marathon-Running-Shoes/dp/B07JJ8M9RJ/ref=sr_1_11?crid=3KLD21ZCUL7V4&dib=eyJ2IjoiMSJ9.KY8ggERHS4N64xqLSAngNUg6NOqGC_Xdafw17g7GNg6rdg9MhfWM_-q2VUfI19s6cpTfF6S-ikwP2ijqWDDVDlxfoemVYSkBAiFuoG3tz5IJVMC168oJvKYFVt58tuRwZ_Rkt9D2qR2mDdt1KxtIN-MaLmvmDcyamTtzT-VW47J_Ey5oaq_qjpH8JrNWL_nwO74_MUSbjHA287svZ6PQ5om9rT1ju8xgwI75mwFvmqf908M9iTa3jsMpPabajYMidRzX88uimyYQXPIoyTi0eOZ3i_t3mADeUgNBOrfm184.DmWy-jZglvRd6aF66AlR-nFfGnDtK3Qmambl3DwoDFg&dib_tag=se&keywords=shoes+for+men+sports&qid=1774256629&sprefix=shoes+for+men%2Caps%2C453&sr=8-11","Nivia","1,059"
"Men Marathon Running Shoe for Mens | Rubber Outsole with Breathable Mesh Upper with PVC Synthetic Leather | Die Cut N.R E.VA Sockliner | Ideal for Trail Running","-''-","4.0","1,059"
"Men Camp-Glacier Running Shoes","https://www.amazon.in/Campus-Gents-Camp-Glacier-Running-Shoes/dp/B0BCQT9PCT/ref=sr_1_12?crid=3KLD21ZCUL7V4&dib=eyJ2IjoiMSJ9.KY8ggERHS4N64xqLSAngNUg6NOqGC_Xdafw17g7GNg6rdg9MhfWM_-q2VUfI19s6cpTfF6S-ikwP2ijqWDDVDlxfoemVYSkBAiFuoG3tz5IJVMC168oJvKYFVt58tuRwZ_Rkt9D2qR2mDdt1KxtIN-MaLmvmDcyamTtzT-VW47J_Ey5oaq_qjpH8JrNWL_nwO74_MUSbjHA287svZ6PQ5om9rT1ju8xgwI75mwFvmqf908M9iTa3jsMpPabajYMidRzX88uimyYQXPIoyTi0eOZ3i_t3mADeUgNBOrfm184.DmWy-jZglvRd6aF66AlR-nFfGnDtK3Qmambl3DwoDFg&dib_tag=se&keywords=shoes+for+men+sports&qid=1774256629&sprefix=shoes+for+men%2Caps%2C453&sr=8-12","Campus","1,099"
"Men Camp-Glacier Running Shoes","-''-","4.2","1,099"
"Men Lace Up Running Shoes","https://www.amazon.in/ASIAN-Mens-Future-01-Running-Shoes/dp/B08K7M1TG2/ref=sr_1_13?crid=3KLD21ZCUL7V4&dib=eyJ2IjoiMSJ9.KY8ggERHS4N64xqLSAngNUg6NOqGC_Xdafw17g7GNg6rdg9MhfWM_-q2VUfI19s6cpTfF6S-ikwP2ijqWDDVDlxfoemVYSkBAiFuoG3tz5IJVMC168oJvKYFVt58tuRwZ_Rkt9D2qR2mDdt1KxtIN-MaLmvmDcyamTtzT-VW47J_Ey5oaq_qjpH8JrNWL_nwO74_MUSbjHA287svZ6PQ5om9rT1ju8xgwI75mwFvmqf908M9iTa3jsMpPabajYMidRzX88uimyYQXPIoyTi0eOZ3i_t3mADeUgNBOrfm184.DmWy-jZglvRd6aF66AlR-nFfGnDtK3Qmambl3DwoDFg&dib_tag=se&keywords=shoes+for+men+sports&qid=1774256629&sprefix=shoes+for+men%2Caps%2C453&sr=8-13","ASIAN","708"
"Men Lace Up Running Shoes","-''-","3.9","708"
"Men Kosmo Pro Running Shoes","https://www.amazon.in/Campus-Kosmo-Beige-Running-Shoes/dp/B08QCS8FT1/ref=sr_1_14?crid=3KLD21ZCUL7V4&dib=eyJ2IjoiMSJ9.KY8ggERHS4N64xqLSAngNUg6NOqGC_Xdafw17g7GNg6rdg9MhfWM_-q2VUfI19s6cpTfF6S-ikwP2ijqWDDVDlxfoemVYSkBAiFuoG3tz5IJVMC168oJvKYFVt58tuRwZ_Rkt9D2qR2mDdt1KxtIN-MaLmvmDcyamTtzT-VW47J_Ey5oaq_qjpH8JrNWL_nwO74_MUSbjHA287svZ6PQ5om9rT1ju8xgwI75mwFvmqf908M9iTa3jsMpPabajYMidRzX88uimyYQXPIoyTi0eOZ3i_t3mADeUgNBOrfm184.DmWy-jZglvRd6aF66AlR-nFfGnDtK3Qmambl3DwoDFg&dib_tag=se&keywords=shoes+for+men+sports&qid=1774256629&sprefix=shoes+for+men%2Caps%2C453&sr=8-14","Campus","699"
"Men Kosmo Pro Running Shoes","-''-","4.2","699"
"Men's Sniper Running Shoes","https://www.amazon.in/Campus-Sniper-Silver-Running-Shoes/dp/B0FR9CMBL7/ref=sr_1_15?crid=3KLD21ZCUL7V4&dib=eyJ2IjoiMSJ9.KY8ggERHS4N64xqLSAngNUg6NOqGC_Xdafw17g7GNg6rdg9MhfWM_-q2VUfI19s6cpTfF6S-ikwP2ijqWDDVDlxfoemVYSkBAiFuoG3tz5IJVMC168oJvKYFVt58tuRwZ_Rkt9D2qR2mDdt1KxtIN-MaLmvmDcyamTtzT-VW47J_Ey5oaq_qjpH8JrNWL_nwO74_MUSbjHA287svZ6PQ5om9rT1ju8xgwI75mwFvmqf908M9iTa3jsMpPabajYMidRzX88uimyYQXPIoyTi0eOZ3i_t3mADeUgNBOrfm184.DmWy-jZglvRd6aF66AlR-nFfGnDtK3Qmambl3DwoDFg&dib_tag=se&keywords=shoes+for+men+sports&qid=1774256629&sprefix=shoes+for+men%2Caps%2C453&sr=8-15","Campus","949"
"Men's Sniper Running Shoes","-''-","4.2","949"
"Men's DRIVO Running Shoes","https://www.amazon.in/Campus-DRIVO-L-Sky-Running-Shoes/dp/B0FWKWPDDD/ref=sr_1_16?crid=3KLD21ZCUL7V4&dib=eyJ2IjoiMSJ9.KY8ggERHS4N64xqLSAngNUg6NOqGC_Xdafw17g7GNg6rdg9MhfWM_-q2VUfI19s6cpTfF6S-ikwP2ijqWDDVDlxfoemVYSkBAiFuoG3tz5IJVMC168oJvKYFVt58tuRwZ_Rkt9D2qR2mDdt1KxtIN-MaLmvmDcyamTtzT-VW47J_Ey5oaq_qjpH8JrNWL_nwO74_MUSbjHA287svZ6PQ5om9rT1ju8xgwI75mwFvmqf908M9iTa3jsMpPabajYMidRzX88uimyYQXPIoyTi0eOZ3i_t3mADeUgNBOrfm184.DmWy-jZglvRd6aF66AlR-nFfGnDtK3Qmambl3DwoDFg&dib_tag=se&keywords=shoes+for+men+sports&qid=1774256629&sprefix=shoes+for+men%2Caps%2C453&sr=8-16","Campus","1,399"
"Men's DRIVO Running Shoes","-''-","4.1","1,399"
"EVA Lite Sport Shoes Running Shoes for Men- Blue","https://www.amazon.in/BRUTON-Lite-Sport-Shoes-Running/dp/B0F4KTFB6R/ref=sr_1_17?crid=3KLD21ZCUL7V4&dib=eyJ2IjoiMSJ9.KY8ggERHS4N64xqLSAngNUg6NOqGC_Xdafw17g7GNg6rdg9MhfWM_-q2VUfI19s6cpTfF6S-ikwP2ijqWDDVDlxfoemVYSkBAiFuoG3tz5IJVMC168oJvKYFVt58tuRwZ_Rkt9D2qR2mDdt1KxtIN-MaLmvmDcyamTtzT-VW47J_Ey5oaq_qjpH8JrNWL_nwO74_MUSbjHA287svZ6PQ5om9rT1ju8xgwI75mwFvmqf908M9iTa3jsMpPabajYMidRzX88uimyYQXPIoyTi0eOZ3i_t3mADeUgNBOrfm184.DmWy-jZglvRd6aF66AlR-nFfGnDtK3Qmambl3DwoDFg&dib_tag=se&keywords=shoes+for+men+sports&qid=1774256629&sprefix=shoes+for+men%2Caps%2C453&sr=8-17","BRUTON","407"
"EVA Lite Sport Shoes Running Shoes for Men- Blue","-''-","3.7","407"
"Men Camp Karl Running Shoes","https://www.amazon.in/Campus-S-GRN-Running-Shoes-India/dp/B0BC96GLVW/ref=sr_1_18?crid=3KLD21ZCUL7V4&dib=eyJ2IjoiMSJ9.KY8ggERHS4N64xqLSAngNUg6NOqGC_Xdafw17g7GNg6rdg9MhfWM_-q2VUfI19s6cpTfF6S-ikwP2ijqWDDVDlxfoemVYSkBAiFuoG3tz5IJVMC168oJvKYFVt58tuRwZ_Rkt9D2qR2mDdt1KxtIN-MaLmvmDcyamTtzT-VW47J_Ey5oaq_qjpH8JrNWL_nwO74_MUSbjHA287svZ6PQ5om9rT1ju8xgwI75mwFvmqf908M9iTa3jsMpPabajYMidRzX88uimyYQXPIoyTi0eOZ3i_t3mADeUgNBOrfm184.DmWy-jZglvRd6aF66AlR-nFfGnDtK3Qmambl3DwoDFg&dib_tag=se&keywords=shoes+for+men+sports&qid=1774256629&sprefix=shoes+for+men%2Caps%2C453&sr=8-18","Campus","849"
"Men Camp Karl Running Shoes","-''-","4.2","849"
"Barefoot Rooted Wide feet Shoes for Men | Lightweight Running & Training Shoes with Soft Sole & Superior Grip | Running, Jogging Regular Gym Shoes for Men","https://www.amazon.in/Impakto-Barefoot-Rooted-Big-Toe/dp/B0DCP4YY16/ref=sr_1_19?crid=3KLD21ZCUL7V4&dib=eyJ2IjoiMSJ9.KY8ggERHS4N64xqLSAngNUg6NOqGC_Xdafw17g7GNg6rdg9MhfWM_-q2VUfI19s6cpTfF6S-ikwP2ijqWDDVDlxfoemVYSkBAiFuoG3tz5IJVMC168oJvKYFVt58tuRwZ_Rkt9D2qR2mDdt1KxtIN-MaLmvmDcyamTtzT-VW47J_Ey5oaq_qjpH8JrNWL_nwO74_MUSbjHA287svZ6PQ5om9rT1ju8xgwI75mwFvmqf908M9iTa3jsMpPabajYMidRzX88uimyYQXPIoyTi0eOZ3i_t3mADeUgNBOrfm184.DmWy-jZglvRd6aF66AlR-nFfGnDtK3Qmambl3DwoDFg&dib_tag=se&keywords=shoes+for+men+sports&qid=1774256629&sprefix=shoes+for+men%2Caps%2C453&sr=8-19","Impakto","999"
"Barefoot Rooted Wide feet Shoes for Men | Lightweight Running & Training Shoes with Soft Sole & Superior Grip | Running, Jogging Regular Gym Shoes for Men","-''-","4.4","999"
"Barefoot Rooted Wide feet Shoes for Men | Lightweight Running & Training Shoes with Soft Sole & Superior Grip | Running, Jogging Regular Gym Shoes for Men","-''-","2% off coupon applied","999"
"Men's Running Shoes - Velocity Runner - Lightweight Running Shoes for Gym and Training","https://www.amazon.in/Reebok-VELOCITY-RUNNER-PUGRY6-Running/dp/B094VGRGY2/ref=sr_1_20?crid=3KLD21ZCUL7V4&dib=eyJ2IjoiMSJ9.KY8ggERHS4N64xqLSAngNUg6NOqGC_Xdafw17g7GNg6rdg9MhfWM_-q2VUfI19s6cpTfF6S-ikwP2ijqWDDVDlxfoemVYSkBAiFuoG3tz5IJVMC168oJvKYFVt58tuRwZ_Rkt9D2qR2mDdt1KxtIN-MaLmvmDcyamTtzT-VW47J_Ey5oaq_qjpH8JrNWL_nwO74_MUSbjHA287svZ6PQ5om9rT1ju8xgwI75mwFvmqf908M9iTa3jsMpPabajYMidRzX88uimyYQXPIoyTi0eOZ3i_t3mADeUgNBOrfm184.DmWy-jZglvRd6aF66AlR-nFfGnDtK3Qmambl3DwoDFg&dib_tag=se&keywords=shoes+for+men+sports&qid=1774256629&sprefix=shoes+for+men%2Caps%2C453&sr=8-20","Reebok","1,549"
"Men's Running Shoes - Velocity Runner - Lightweight Running Shoes for Gym and Training","-''-","3.9","1,549"
"Men's Wonder-13 Sports Running Shoes…","https://www.amazon.in/ASIAN-Wonder-13-Running-Sports-Walking/dp/B07N4RZ47H/ref=sr_1_21?crid=3KLD21ZCUL7V4&dib=eyJ2IjoiMSJ9.KY8ggERHS4N64xqLSAngNUg6NOqGC_Xdafw17g7GNg6rdg9MhfWM_-q2VUfI19s6cpTfF6S-ikwP2ijqWDDVDlxfoemVYSkBAiFuoG3tz5IJVMC168oJvKYFVt58tuRwZ_Rkt9D2qR2mDdt1KxtIN-MaLmvmDcyamTtzT-VW47J_Ey5oaq_qjpH8JrNWL_nwO74_MUSbjHA287svZ6PQ5om9rT1ju8xgwI75mwFvmqf908M9iTa3jsMpPabajYMidRzX88uimyYQXPIoyTi0eOZ3i_t3mADeUgNBOrfm184.DmWy-jZglvRd6aF66AlR-nFfGnDtK3Qmambl3DwoDFg&dib_tag=se&keywords=shoes+for+men+sports&qid=1774256629&sprefix=shoes+for+men%2Caps%2C453&sr=8-21","ASIAN","681"
"Men's Wonder-13 Sports Running Shoes…","-''-","4.0","681"
"Men's Running Shoes - Super Speed - Lightweight Training Shoes for Gym, Running and Fitness","https://www.amazon.in/Reebok-SUPERSPEED-Blue-Running-Shoes/dp/B0F8HNPNFH/ref=sr_1_22?crid=3KLD21ZCUL7V4&dib=eyJ2IjoiMSJ9.KY8ggERHS4N64xqLSAngNUg6NOqGC_Xdafw17g7GNg6rdg9MhfWM_-q2VUfI19s6cpTfF6S-ikwP2ijqWDDVDlxfoemVYSkBAiFuoG3tz5IJVMC168oJvKYFVt58tuRwZ_Rkt9D2qR2mDdt1KxtIN-MaLmvmDcyamTtzT-VW47J_Ey5oaq_qjpH8JrNWL_nwO74_MUSbjHA287svZ6PQ5om9rT1ju8xgwI75mwFvmqf908M9iTa3jsMpPabajYMidRzX88uimyYQXPIoyTi0eOZ3i_t3mADeUgNBOrfm184.DmWy-jZglvRd6aF66AlR-nFfGnDtK3Qmambl3DwoDFg&dib_tag=se&keywords=shoes+for+men+sports&qid=1774256629&sprefix=shoes+for+men%2Caps%2C453&sr=8-22","Reebok","1,439"
"Men's Running Shoes - Super Speed - Lightweight Training Shoes for Gym, Running and Fitness","-''-","4.3","1,439"
"Men First Running Shoes","https://www.amazon.in/Campus-First-B-ORG-Running-Shoes/dp/B09155VNGH/ref=sr_1_23?crid=3KLD21ZCUL7V4&dib=eyJ2IjoiMSJ9.KY8ggERHS4N64xqLSAngNUg6NOqGC_Xdafw17g7GNg6rdg9MhfWM_-q2VUfI19s6cpTfF6S-ikwP2ijqWDDVDlxfoemVYSkBAiFuoG3tz5IJVMC168oJvKYFVt58tuRwZ_Rkt9D2qR2mDdt1KxtIN-MaLmvmDcyamTtzT-VW47J_Ey5oaq_qjpH8JrNWL_nwO74_MUSbjHA287svZ6PQ5om9rT1ju8xgwI75mwFvmqf908M9iTa3jsMpPabajYMidRzX88uimyYQXPIoyTi0eOZ3i_t3mADeUgNBOrfm184.DmWy-jZglvRd6aF66AlR-nFfGnDtK3Qmambl3DwoDFg&dib_tag=se&keywords=shoes+for+men+sports&qid=1774256629&sprefix=shoes+for+men%2Caps%2C453&sr=8-23","Campus","1,199"
"Men First Running Shoes","-''-","4.0","1,199"
"EVA Lite Sport Shoes Running Shoes for Men- Black","https://www.amazon.in/BRUTON-852-Synthetic-Leather-Sports/dp/B0DKBRPM13/ref=sr_1_24?crid=3KLD21ZCUL7V4&dib=eyJ2IjoiMSJ9.KY8ggERHS4N64xqLSAngNUg6NOqGC_Xdafw17g7GNg6rdg9MhfWM_-q2VUfI19s6cpTfF6S-ikwP2ijqWDDVDlxfoemVYSkBAiFuoG3tz5IJVMC168oJvKYFVt58tuRwZ_Rkt9D2qR2mDdt1KxtIN-MaLmvmDcyamTtzT-VW47J_Ey5oaq_qjpH8JrNWL_nwO74_MUSbjHA287svZ6PQ5om9rT1ju8xgwI75mwFvmqf908M9iTa3jsMpPabajYMidRzX88uimyYQXPIoyTi0eOZ3i_t3mADeUgNBOrfm184.DmWy-jZglvRd6aF66AlR-nFfGnDtK3Qmambl3DwoDFg&dib_tag=se&keywords=shoes+for+men+sports&qid=1774256629&sprefix=shoes+for+men%2Caps%2C453&sr=8-24","BRUTON","395"
"EVA Lite Sport Shoes Running Shoes for Men- Black","-''-","3.7","395"
"Men's Sports Shoe - Advent TR - Gym Shoe - Ideal for Gym & Running","https://www.amazon.in/Reebok-Sports-Advent-Ideal-Running/dp/B08FZRYSVW/ref=sr_1_25?crid=3KLD21ZCUL7V4&dib=eyJ2IjoiMSJ9.KY8ggERHS4N64xqLSAngNUg6NOqGC_Xdafw17g7GNg6rdg9MhfWM_-q2VUfI19s6cpTfF6S-ikwP2ijqWDDVDlxfoemVYSkBAiFuoG3tz5IJVMC168oJvKYFVt58tuRwZ_Rkt9D2qR2mDdt1KxtIN-MaLmvmDcyamTtzT-VW47J_Ey5oaq_qjpH8JrNWL_nwO74_MUSbjHA287svZ6PQ5om9rT1ju8xgwI75mwFvmqf908M9iTa3jsMpPabajYMidRzX88uimyYQXPIoyTi0eOZ3i_t3mADeUgNBOrfm184.DmWy-jZglvRd6aF66AlR-nFfGnDtK3Qmambl3DwoDFg&dib_tag=se&keywords=shoes+for+men+sports&qid=1774256629&sprefix=shoes+for+men%2Caps%2C453&sr=8-25","Reebok","1,439"
"Men's Sports Shoe - Advent TR - Gym Shoe - Ideal for Gym & Running","-''-","4.0","1,439"
"Men Mesh Sneaker Shoes","https://www.amazon.in/Liberty-Force-Roger-Running-Shoe-6/dp/B0B9ZTCCF7/ref=sr_1_26?crid=3KLD21ZCUL7V4&dib=eyJ2IjoiMSJ9.KY8ggERHS4N64xqLSAngNUg6NOqGC_Xdafw17g7GNg6rdg9MhfWM_-q2VUfI19s6cpTfF6S-ikwP2ijqWDDVDlxfoemVYSkBAiFuoG3tz5IJVMC168oJvKYFVt58tuRwZ_Rkt9D2qR2mDdt1KxtIN-MaLmvmDcyamTtzT-VW47J_Ey5oaq_qjpH8JrNWL_nwO74_MUSbjHA287svZ6PQ5om9rT1ju8xgwI75mwFvmqf908M9iTa3jsMpPabajYMidRzX88uimyYQXPIoyTi0eOZ3i_t3mADeUgNBOrfm184.DmWy-jZglvRd6aF66AlR-nFfGnDtK3Qmambl3DwoDFg&dib_tag=se&keywords=shoes+for+men+sports&qid=1774256629&sprefix=shoes+for+men%2Caps%2C453&sr=8-26","Liberty","749"
"Men Mesh Sneaker Shoes","-''-","4.0","749"
"Mens Indus-251 Running Shoe","https://www.amazon.in/Lancer-White-Sports-Running-Indus-251/dp/B081LGL5QT/ref=sr_1_27?crid=3KLD21ZCUL7V4&dib=eyJ2IjoiMSJ9.KY8ggERHS4N64xqLSAngNUg6NOqGC_Xdafw17g7GNg6rdg9MhfWM_-q2VUfI19s6cpTfF6S-ikwP2ijqWDDVDlxfoemVYSkBAiFuoG3tz5IJVMC168oJvKYFVt58tuRwZ_Rkt9D2qR2mDdt1KxtIN-MaLmvmDcyamTtzT-VW47J_Ey5oaq_qjpH8JrNWL_nwO74_MUSbjHA287svZ6PQ5om9rT1ju8xgwI75mwFvmqf908M9iTa3jsMpPabajYMidRzX88uimyYQXPIoyTi0eOZ3i_t3mADeUgNBOrfm184.DmWy-jZglvRd6aF66AlR-nFfGnDtK3Qmambl3DwoDFg&dib_tag=se&keywords=shoes+for+men+sports&qid=1774256629&sprefix=shoes+for+men%2Caps%2C453&sr=8-27","LANCER","726"
"Mens Indus-251 Running Shoe","-''-","3.6","726"
"Unisex-Adult R78 Year of Sports Res Sneaker","https://www.amazon.in/Puma-Unisex-Adult-Sports-Navy-White-Vapor-Sneaker/dp/B0D6VYXZL3/ref=sr_1_28?crid=3KLD21ZCUL7V4&dib=eyJ2IjoiMSJ9.KY8ggERHS4N64xqLSAngNUg6NOqGC_Xdafw17g7GNg6rdg9MhfWM_-q2VUfI19s6cpTfF6S-ikwP2ijqWDDVDlxfoemVYSkBAiFuoG3tz5IJVMC168oJvKYFVt58tuRwZ_Rkt9D2qR2mDdt1KxtIN-MaLmvmDcyamTtzT-VW47J_Ey5oaq_qjpH8JrNWL_nwO74_MUSbjHA287svZ6PQ5om9rT1ju8xgwI75mwFvmqf908M9iTa3jsMpPabajYMidRzX88uimyYQXPIoyTi0eOZ3i_t3mADeUgNBOrfm184.DmWy-jZglvRd6aF66AlR-nFfGnDtK3Qmambl3DwoDFg&dib_tag=se&keywords=shoes+for+men+sports&qid=1774256629&sprefix=shoes+for+men%2Caps%2C453&sr=8-28","PUMA","3,500"
"Unisex-Adult R78 Year of Sports Res Sneaker","-''-","3.9","3,500"
"Men's Running Shoes","https://www.amazon.in/Campus-Mens-Grey-Running-Shoes/dp/B0GH23XDST/ref=sr_1_29?crid=3KLD21ZCUL7V4&dib=eyJ2IjoiMSJ9.KY8ggERHS4N64xqLSAngNUg6NOqGC_Xdafw17g7GNg6rdg9MhfWM_-q2VUfI19s6cpTfF6S-ikwP2ijqWDDVDlxfoemVYSkBAiFuoG3tz5IJVMC168oJvKYFVt58tuRwZ_Rkt9D2qR2mDdt1KxtIN-MaLmvmDcyamTtzT-VW47J_Ey5oaq_qjpH8JrNWL_nwO74_MUSbjHA287svZ6PQ5om9rT1ju8xgwI75mwFvmqf908M9iTa3jsMpPabajYMidRzX88uimyYQXPIoyTi0eOZ3i_t3mADeUgNBOrfm184.DmWy-jZglvRd6aF66AlR-nFfGnDtK3Qmambl3DwoDFg&dib_tag=se&keywords=shoes+for+men+sports&qid=1774256629&sprefix=shoes+for+men%2Caps%2C453&sr=8-29","Campus","1,399"
"Men's Running Shoes","-''-","4.3","1,399"
"Men's Mesh Running Shoe","https://www.amazon.in/Sparx-Mens-SX0414G-Greyorange-Running/dp/B07J9JVX8G/ref=sr_1_30?crid=3KLD21ZCUL7V4&dib=eyJ2IjoiMSJ9.KY8ggERHS4N64xqLSAngNUg6NOqGC_Xdafw17g7GNg6rdg9MhfWM_-q2VUfI19s6cpTfF6S-ikwP2ijqWDDVDlxfoemVYSkBAiFuoG3tz5IJVMC168oJvKYFVt58tuRwZ_Rkt9D2qR2mDdt1KxtIN-MaLmvmDcyamTtzT-VW47J_Ey5oaq_qjpH8JrNWL_nwO74_MUSbjHA287svZ6PQ5om9rT1ju8xgwI75mwFvmqf908M9iTa3jsMpPabajYMidRzX88uimyYQXPIoyTi0eOZ3i_t3mADeUgNBOrfm184.DmWy-jZglvRd6aF66AlR-nFfGnDtK3Qmambl3DwoDFg&dib_tag=se&keywords=shoes+for+men+sports&qid=1774256629&sprefix=shoes+for+men%2Caps%2C453&sr=8-30","SPARX","769"
"Men's Mesh Running Shoe","-''-","4.0","769"
"Men's Tennis Shoe - Baseliner - White - Lightweight, Cushioned Court Shoes with Durable Non-Marking Sole, Ideal for All Court Surfaces","https://www.amazon.in/Reebok-RMSOPA4120-Baseliner-White/dp/B0F8P17VMZ/ref=sr_1_31?crid=3KLD21ZCUL7V4&dib=eyJ2IjoiMSJ9.KY8ggERHS4N64xqLSAngNUg6NOqGC_Xdafw17g7GNg6rdg9MhfWM_-q2VUfI19s6cpTfF6S-ikwP2ijqWDDVDlxfoemVYSkBAiFuoG3tz5IJVMC168oJvKYFVt58tuRwZ_Rkt9D2qR2mDdt1KxtIN-MaLmvmDcyamTtzT-VW47J_Ey5oaq_qjpH8JrNWL_nwO74_MUSbjHA287svZ6PQ5om9rT1ju8xgwI75mwFvmqf908M9iTa3jsMpPabajYMidRzX88uimyYQXPIoyTi0eOZ3i_t3mADeUgNBOrfm184.DmWy-jZglvRd6aF66AlR-nFfGnDtK3Qmambl3DwoDFg&dib_tag=se&keywords=shoes+for+men+sports&qid=1774256629&sprefix=shoes+for+men%2Caps%2C453&sr=8-31","Reebok","2,299"
"Men's Tennis Shoe - Baseliner - White - Lightweight, Cushioned Court Shoes with Durable Non-Marking Sole, Ideal for All Court Surfaces","-''-","4.2","2,299"
"Men's Mesh Running Shoes","https://www.amazon.in/Skechers-Track-Ripkent-Numeric_8-White-Black/dp/B09SDKC1TN/ref=sr_1_32?crid=3KLD21ZCUL7V4&dib=eyJ2IjoiMSJ9.KY8ggERHS4N64xqLSAngNUg6NOqGC_Xdafw17g7GNg6rdg9MhfWM_-q2VUfI19s6cpTfF6S-ikwP2ijqWDDVDlxfoemVYSkBAiFuoG3tz5IJVMC168oJvKYFVt58tuRwZ_Rkt9D2qR2mDdt1KxtIN-MaLmvmDcyamTtzT-VW47J_Ey5oaq_qjpH8JrNWL_nwO74_MUSbjHA287svZ6PQ5om9rT1ju8xgwI75mwFvmqf908M9iTa3jsMpPabajYMidRzX88uimyYQXPIoyTi0eOZ3i_t3mADeUgNBOrfm184.DmWy-jZglvRd6aF66AlR-nFfGnDtK3Qmambl3DwoDFg&dib_tag=se&keywords=shoes+for+men+sports&qid=1774256629&sprefix=shoes+for+men%2Caps%2C453&sr=8-32","Skechers","4,749"
"Men's Mesh Running Shoes","-''-","4.3","4,749"
"Men Mesh Running Shoes","https://www.amazon.in/Sparx-White-Royal-Running-Shoes/dp/B01AQPHM0Y/ref=sr_1_33?crid=3KLD21ZCUL7V4&dib=eyJ2IjoiMSJ9.KY8ggERHS4N64xqLSAngNUg6NOqGC_Xdafw17g7GNg6rdg9MhfWM_-q2VUfI19s6cpTfF6S-ikwP2ijqWDDVDlxfoemVYSkBAiFuoG3tz5IJVMC168oJvKYFVt58tuRwZ_Rkt9D2qR2mDdt1KxtIN-MaLmvmDcyamTtzT-VW47J_Ey5oaq_qjpH8JrNWL_nwO74_MUSbjHA287svZ6PQ5om9rT1ju8xgwI75mwFvmqf908M9iTa3jsMpPabajYMidRzX88uimyYQXPIoyTi0eOZ3i_t3mADeUgNBOrfm184.DmWy-jZglvRd6aF66AlR-nFfGnDtK3Qmambl3DwoDFg&dib_tag=se&keywords=shoes+for+men+sports&qid=1774256629&sprefix=shoes+for+men%2Caps%2C453&sr=8-33","SPARX","1,259"
"Men Mesh Running Shoes","-''-","3.9","1,259"
"Men Drogo M Running Shoe","https://www.amazon.in/Adidas-FTWWHT-Running-Shoes-12-CL7633_12/dp/B07M92Q8XF/ref=sr_1_34?crid=3KLD21ZCUL7V4&dib=eyJ2IjoiMSJ9.KY8ggERHS4N64xqLSAngNUg6NOqGC_Xdafw17g7GNg6rdg9MhfWM_-q2VUfI19s6cpTfF6S-ikwP2ijqWDDVDlxfoemVYSkBAiFuoG3tz5IJVMC168oJvKYFVt58tuRwZ_Rkt9D2qR2mDdt1KxtIN-MaLmvmDcyamTtzT-VW47J_Ey5oaq_qjpH8JrNWL_nwO74_MUSbjHA287svZ6PQ5om9rT1ju8xgwI75mwFvmqf908M9iTa3jsMpPabajYMidRzX88uimyYQXPIoyTi0eOZ3i_t3mADeUgNBOrfm184.DmWy-jZglvRd6aF66AlR-nFfGnDtK3Qmambl3DwoDFg&dib_tag=se&keywords=shoes+for+men+sports&qid=1774256629&sprefix=shoes+for+men%2Caps%2C453&sr=8-34","adidas","1,799"
"Men Drogo M Running Shoe","-''-","4.0","1,799"
"Patriot 14","https://www.amazon.in/ASICS-Patriot-Midnight-Stillwater-Running/dp/B0FFN46T37/ref=sr_1_35?crid=3KLD21ZCUL7V4&dib=eyJ2IjoiMSJ9.KY8ggERHS4N64xqLSAngNUg6NOqGC_Xdafw17g7GNg6rdg9MhfWM_-q2VUfI19s6cpTfF6S-ikwP2ijqWDDVDlxfoemVYSkBAiFuoG3tz5IJVMC168oJvKYFVt58tuRwZ_Rkt9D2qR2mDdt1KxtIN-MaLmvmDcyamTtzT-VW47J_Ey5oaq_qjpH8JrNWL_nwO74_MUSbjHA287svZ6PQ5om9rT1ju8xgwI75mwFvmqf908M9iTa3jsMpPabajYMidRzX88uimyYQXPIoyTi0eOZ3i_t3mADeUgNBOrfm184.DmWy-jZglvRd6aF66AlR-nFfGnDtK3Qmambl3DwoDFg&dib_tag=se&keywords=shoes+for+men+sports&qid=1774256629&sprefix=shoes+for+men%2Caps%2C453&sr=8-35","ASICS","5,498
."
"Mens Fusionpro Running Shoe","https://www.amazon.in/FusionPro-Lightweight-Cushioned-Running-Royal-Navy-White/dp/B0FSKL5TWM/ref=sr_1_36?crid=3KLD21ZCUL7V4&dib=eyJ2IjoiMSJ9.KY8ggERHS4N64xqLSAngNUg6NOqGC_Xdafw17g7GNg6rdg9MhfWM_-q2VUfI19s6cpTfF6S-ikwP2ijqWDDVDlxfoemVYSkBAiFuoG3tz5IJVMC168oJvKYFVt58tuRwZ_Rkt9D2qR2mDdt1KxtIN-MaLmvmDcyamTtzT-VW47J_Ey5oaq_qjpH8JrNWL_nwO74_MUSbjHA287svZ6PQ5om9rT1ju8xgwI75mwFvmqf908M9iTa3jsMpPabajYMidRzX88uimyYQXPIoyTi0eOZ3i_t3mADeUgNBOrfm184.DmWy-jZglvRd6aF66AlR-nFfGnDtK3Qmambl3DwoDFg&dib_tag=se&keywords=shoes+for+men+sports&qid=1774256629&sprefix=shoes+for+men%2Caps%2C453&sr=8-36","PUMA","2,909"
"Mens Fusionpro Running Shoe","-''-","4.0","2,909"
"Mens SM 680 Walking Shoe| Enhanced Durability & Soft Cushion","https://www.amazon.in/Sparx-Mens-SX0680G-Blackgolden-Running/dp/B098B9WXWY/ref=sr_1_37?crid=3KLD21ZCUL7V4&dib=eyJ2IjoiMSJ9.KY8ggERHS4N64xqLSAngNUg6NOqGC_Xdafw17g7GNg6rdg9MhfWM_-q2VUfI19s6cpTfF6S-ikwP2ijqWDDVDlxfoemVYSkBAiFuoG3tz5IJVMC168oJvKYFVt58tuRwZ_Rkt9D2qR2mDdt1KxtIN-MaLmvmDcyamTtzT-VW47J_Ey5oaq_qjpH8JrNWL_nwO74_MUSbjHA287svZ6PQ5om9rT1ju8xgwI75mwFvmqf908M9iTa3jsMpPabajYMidRzX88uimyYQXPIoyTi0eOZ3i_t3mADeUgNBOrfm184.DmWy-jZglvRd6aF66AlR-nFfGnDtK3Qmambl3DwoDFg&dib_tag=se&keywords=shoes+for+men+sports&qid=1774256629&sprefix=shoes+for+men%2Caps%2C453&sr=8-37","SPARX","1,129"
"Mens SM 680 Walking Shoe| Enhanced Durability & Soft Cushion","-''-","4.0","1,129"
"Nike Mens Quest 6 Running Shoes","https://www.amazon.in/Nike-Quest-6-Black-White-Iron-GREY-FD6033-001-12UK/dp/B0D9446XKC/ref=sr_1_38?crid=3KLD21ZCUL7V4&dib=eyJ2IjoiMSJ9.KY8ggERHS4N64xqLSAngNUg6NOqGC_Xdafw17g7GNg6rdg9MhfWM_-q2VUfI19s6cpTfF6S-ikwP2ijqWDDVDlxfoemVYSkBAiFuoG3tz5IJVMC168oJvKYFVt58tuRwZ_Rkt9D2qR2mDdt1KxtIN-MaLmvmDcyamTtzT-VW47J_Ey5oaq_qjpH8JrNWL_nwO74_MUSbjHA287svZ6PQ5om9rT1ju8xgwI75mwFvmqf908M9iTa3jsMpPabajYMidRzX88uimyYQXPIoyTi0eOZ3i_t3mADeUgNBOrfm184.DmWy-jZglvRd6aF66AlR-nFfGnDtK3Qmambl3DwoDFg&dib_tag=se&keywords=shoes+for+men+sports&qid=1774256629&sprefix=shoes+for+men%2Caps%2C453&sr=8-38","Nike","7,095"
"Nike Mens Quest 6 Running Shoes","-''-","4.0","7,095"
"Mens Edgeride Sneaker","https://www.amazon.in/Skechers-EDGERIDE-Black-Casual-Slip/dp/B0FKH9QLL9/ref=sr_1_39?crid=3KLD21ZCUL7V4&dib=eyJ2IjoiMSJ9.KY8ggERHS4N64xqLSAngNUg6NOqGC_Xdafw17g7GNg6rdg9MhfWM_-q2VUfI19s6cpTfF6S-ikwP2ijqWDDVDlxfoemVYSkBAiFuoG3tz5IJVMC168oJvKYFVt58tuRwZ_Rkt9D2qR2mDdt1KxtIN-MaLmvmDcyamTtzT-VW47J_Ey5oaq_qjpH8JrNWL_nwO74_MUSbjHA287svZ6PQ5om9rT1ju8xgwI75mwFvmqf908M9iTa3jsMpPabajYMidRzX88uimyYQXPIoyTi0eOZ3i_t3mADeUgNBOrfm184.DmWy-jZglvRd6aF66AlR-nFfGnDtK3Qmambl3DwoDFg&dib_tag=se&keywords=shoes+for+men+sports&qid=1774256629&sprefix=shoes+for+men%2Caps%2C453&sr=8-39","Skechers","6,999"
"Mens Edgeride Sneaker","-''-","4.4","6,999"
"Mens Edgeride Sneaker","-''-","5% off coupon applied","6,999"
"Men's Sports Shoe - Energy Runner - Running Shoe - Ideal for Running & Gym","https://www.amazon.in/Reebok-Runing-Sports-Energy-Runner/dp/B08D3MKQ9H/ref=sr_1_40?crid=3KLD21ZCUL7V4&dib=eyJ2IjoiMSJ9.KY8ggERHS4N64xqLSAngNUg6NOqGC_Xdafw17g7GNg6rdg9MhfWM_-q2VUfI19s6cpTfF6S-ikwP2ijqWDDVDlxfoemVYSkBAiFuoG3tz5IJVMC168oJvKYFVt58tuRwZ_Rkt9D2qR2mDdt1KxtIN-MaLmvmDcyamTtzT-VW47J_Ey5oaq_qjpH8JrNWL_nwO74_MUSbjHA287svZ6PQ5om9rT1ju8xgwI75mwFvmqf908M9iTa3jsMpPabajYMidRzX88uimyYQXPIoyTi0eOZ3i_t3mADeUgNBOrfm184.DmWy-jZglvRd6aF66AlR-nFfGnDtK3Qmambl3DwoDFg&dib_tag=se&keywords=shoes+for+men+sports&qid=1774256629&sprefix=shoes+for+men%2Caps%2C453&sr=8-40","Reebok","1,439"
"Men's Sports Shoe - Energy Runner - Running Shoe - Ideal for Running & Gym","-''-","3.9","1,439"
"Mens Indus-215 Running Shoe","https://www.amazon.in/Lancer-INDUS-215BLK-RED-43-Black-Sports-Running/dp/B08D7R8LWY/ref=sr_1_41?crid=3KLD21ZCUL7V4&dib=eyJ2IjoiMSJ9.KY8ggERHS4N64xqLSAngNUg6NOqGC_Xdafw17g7GNg6rdg9MhfWM_-q2VUfI19s6cpTfF6S-ikwP2ijqWDDVDlxfoemVYSkBAiFuoG3tz5IJVMC168oJvKYFVt58tuRwZ_Rkt9D2qR2mDdt1KxtIN-MaLmvmDcyamTtzT-VW47J_Ey5oaq_qjpH8JrNWL_nwO74_MUSbjHA287svZ6PQ5om9rT1ju8xgwI75mwFvmqf908M9iTa3jsMpPabajYMidRzX88uimyYQXPIoyTi0eOZ3i_t3mADeUgNBOrfm184.DmWy-jZglvRd6aF66AlR-nFfGnDtK3Qmambl3DwoDFg&dib_tag=se&keywords=shoes+for+men+sports&qid=1774256629&sprefix=shoes+for+men%2Caps%2C453&sr=8-41","LANCER","799"
"Mens Indus-215 Running Shoe","-''-","3.7","799"
"Nike Mens Air Max Alpha Trainer 5 Cross Training Shoes","https://www.amazon.in/Nike-Alpha-Trainer-Black-Flat-Pewter-Dm0829-013-7Uk/dp/B0CRK47LM9/ref=sr_1_42?crid=3KLD21ZCUL7V4&dib=eyJ2IjoiMSJ9.KY8ggERHS4N64xqLSAngNUg6NOqGC_Xdafw17g7GNg6rdg9MhfWM_-q2VUfI19s6cpTfF6S-ikwP2ijqWDDVDlxfoemVYSkBAiFuoG3tz5IJVMC168oJvKYFVt58tuRwZ_Rkt9D2qR2mDdt1KxtIN-MaLmvmDcyamTtzT-VW47J_Ey5oaq_qjpH8JrNWL_nwO74_MUSbjHA287svZ6PQ5om9rT1ju8xgwI75mwFvmqf908M9iTa3jsMpPabajYMidRzX88uimyYQXPIoyTi0eOZ3i_t3mADeUgNBOrfm184.DmWy-jZglvRd6aF66AlR-nFfGnDtK3Qmambl3DwoDFg&dib_tag=se&keywords=shoes+for+men+sports&qid=1774256629&sprefix=shoes+for+men%2Caps%2C453&sr=8-42","Nike","4,497"
"Nike Mens Air Max Alpha Trainer 5 Cross Training Shoes","-''-","4.3","4,497"
"Men's Running Shoes","https://www.amazon.in/Campus-Mens-Black-Running-Shoes/dp/B0GH21NC47/ref=sr_1_43?crid=3KLD21ZCUL7V4&dib=eyJ2IjoiMSJ9.KY8ggERHS4N64xqLSAngNUg6NOqGC_Xdafw17g7GNg6rdg9MhfWM_-q2VUfI19s6cpTfF6S-ikwP2ijqWDDVDlxfoemVYSkBAiFuoG3tz5IJVMC168oJvKYFVt58tuRwZ_Rkt9D2qR2mDdt1KxtIN-MaLmvmDcyamTtzT-VW47J_Ey5oaq_qjpH8JrNWL_nwO74_MUSbjHA287svZ6PQ5om9rT1ju8xgwI75mwFvmqf908M9iTa3jsMpPabajYMidRzX88uimyYQXPIoyTi0eOZ3i_t3mADeUgNBOrfm184.DmWy-jZglvRd6aF66AlR-nFfGnDtK3Qmambl3DwoDFg&dib_tag=se&keywords=shoes+for+men+sports&qid=1774256629&sprefix=shoes+for+men%2Caps%2C453&sr=8-43","Campus","1,399"
"Men's Running Shoes","-''-","4.3","1,399"
"Men's Sports Shoe - Flylite Voyager - Running Shoe - Ideal for Running & Gym","https://www.amazon.in/Reebok-FLYLITE-LSS-Voyager-Black/dp/B0D6N715MG/ref=sr_1_44?crid=3KLD21ZCUL7V4&dib=eyJ2IjoiMSJ9.KY8ggERHS4N64xqLSAngNUg6NOqGC_Xdafw17g7GNg6rdg9MhfWM_-q2VUfI19s6cpTfF6S-ikwP2ijqWDDVDlxfoemVYSkBAiFuoG3tz5IJVMC168oJvKYFVt58tuRwZ_Rkt9D2qR2mDdt1KxtIN-MaLmvmDcyamTtzT-VW47J_Ey5oaq_qjpH8JrNWL_nwO74_MUSbjHA287svZ6PQ5om9rT1ju8xgwI75mwFvmqf908M9iTa3jsMpPabajYMidRzX88uimyYQXPIoyTi0eOZ3i_t3mADeUgNBOrfm184.DmWy-jZglvRd6aF66AlR-nFfGnDtK3Qmambl3DwoDFg&dib_tag=se&keywords=shoes+for+men+sports&qid=1774256629&sprefix=shoes+for+men%2Caps%2C453&sr=8-44","Reebok","1,489"
"Men's Sports Shoe - Flylite Voyager - Running Shoe - Ideal for Running & Gym","-''-","3.8","1,489"
"Nike Mens Run Defy Running Shoes","https://www.amazon.in/Nike-Defy-Black-White-Iron-Running-Shoes/dp/B0DZWFH3BD/ref=sr_1_45?crid=3KLD21ZCUL7V4&dib=eyJ2IjoiMSJ9.KY8ggERHS4N64xqLSAngNUg6NOqGC_Xdafw17g7GNg6rdg9MhfWM_-q2VUfI19s6cpTfF6S-ikwP2ijqWDDVDlxfoemVYSkBAiFuoG3tz5IJVMC168oJvKYFVt58tuRwZ_Rkt9D2qR2mDdt1KxtIN-MaLmvmDcyamTtzT-VW47J_Ey5oaq_qjpH8JrNWL_nwO74_MUSbjHA287svZ6PQ5om9rT1ju8xgwI75mwFvmqf908M9iTa3jsMpPabajYMidRzX88uimyYQXPIoyTi0eOZ3i_t3mADeUgNBOrfm184.DmWy-jZglvRd6aF66AlR-nFfGnDtK3Qmambl3DwoDFg&dib_tag=se&keywords=shoes+for+men+sports&qid=1774256629&sprefix=shoes+for+men%2Caps%2C453&sr=8-45","Nike","3,995"
"Nike Mens Run Defy Running Shoes","-''-","3.9","3,995"
"Nike Mens Precision 8 Mid Basketball Shoes","https://www.amazon.in/Nike-Precision-Black-Black-White-ICE-Basketball/dp/B0DZXMTPMN/ref=sr_1_46?crid=3KLD21ZCUL7V4&dib=eyJ2IjoiMSJ9.KY8ggERHS4N64xqLSAngNUg6NOqGC_Xdafw17g7GNg6rdg9MhfWM_-q2VUfI19s6cpTfF6S-ikwP2ijqWDDVDlxfoemVYSkBAiFuoG3tz5IJVMC168oJvKYFVt58tuRwZ_Rkt9D2qR2mDdt1KxtIN-MaLmvmDcyamTtzT-VW47J_Ey5oaq_qjpH8JrNWL_nwO74_MUSbjHA287svZ6PQ5om9rT1ju8xgwI75mwFvmqf908M9iTa3jsMpPabajYMidRzX88uimyYQXPIoyTi0eOZ3i_t3mADeUgNBOrfm184.DmWy-jZglvRd6aF66AlR-nFfGnDtK3Qmambl3DwoDFg&dib_tag=se&keywords=shoes+for+men+sports&qid=1774256629&sprefix=shoes+for+men%2Caps%2C453&sr=8-46","Nike","6,295"
"Nike Mens Precision 8 Mid Basketball Shoes","-''-","4.5","6,295"
"Mens Vapor Foam - Varien Running Shoes","https://www.amazon.in/Skechers-Sport-Vapor-Foam-Shoes/dp/B0CGB348S6/ref=sr_1_47?crid=3KLD21ZCUL7V4&dib=eyJ2IjoiMSJ9.KY8ggERHS4N64xqLSAngNUg6NOqGC_Xdafw17g7GNg6rdg9MhfWM_-q2VUfI19s6cpTfF6S-ikwP2ijqWDDVDlxfoemVYSkBAiFuoG3tz5IJVMC168oJvKYFVt58tuRwZ_Rkt9D2qR2mDdt1KxtIN-MaLmvmDcyamTtzT-VW47J_Ey5oaq_qjpH8JrNWL_nwO74_MUSbjHA287svZ6PQ5om9rT1ju8xgwI75mwFvmqf908M9iTa3jsMpPabajYMidRzX88uimyYQXPIoyTi0eOZ3i_t3mADeUgNBOrfm184.DmWy-jZglvRd6aF66AlR-nFfGnDtK3Qmambl3DwoDFg&dib_tag=se&keywords=shoes+for+men+sports&qid=1774256629&sprefix=shoes+for+men%2Caps%2C453&sr=8-47","Skechers","6,400"
"Mens Vapor Foam - Varien Running Shoes","-''-","4.6","6,400"
"Men Mesh Running Shoes","https://www.amazon.in/SM-277-Enhanced-Durability-Cushion/dp/B078KTXN22/ref=sr_1_48?crid=3KLD21ZCUL7V4&dib=eyJ2IjoiMSJ9.KY8ggERHS4N64xqLSAngNUg6NOqGC_Xdafw17g7GNg6rdg9MhfWM_-q2VUfI19s6cpTfF6S-ikwP2ijqWDDVDlxfoemVYSkBAiFuoG3tz5IJVMC168oJvKYFVt58tuRwZ_Rkt9D2qR2mDdt1KxtIN-MaLmvmDcyamTtzT-VW47J_Ey5oaq_qjpH8JrNWL_nwO74_MUSbjHA287svZ6PQ5om9rT1ju8xgwI75mwFvmqf908M9iTa3jsMpPabajYMidRzX88uimyYQXPIoyTi0eOZ3i_t3mADeUgNBOrfm184.DmWy-jZglvRd6aF66AlR-nFfGnDtK3Qmambl3DwoDFg&dib_tag=se&keywords=shoes+for+men+sports&qid=1774256629&sprefix=shoes+for+men%2Caps%2C453&sr=8-48","SPARX","769"
"Men Mesh Running Shoes","-''-","4.0","769"